{
    "מריות": 6.210875389259007,
    "מוריה": 6.075434533824347,
    "מתויר": 6.03660449965461,
    "מליות": 6.0348548314195325,
    "מותיר": 6.030944600974317
}